Conversation ID,Updated at (America/New_York),Conversation rating remark,Conversation rating,User name,Company name,Agent rated type,Last survey sent
215473783781514,2026-04-05 18:19:23,,5,,,Fin AI Agent,42769392497
215473781206720,2026-04-05 17:27:48,,5,Emre,,Teammate,42729598963
215473781185037,2026-04-05 17:27:35,,5,Emre,,Teammate,42729626308
215473781351583,2026-04-05 09:51:30,,5,Robertas,,Fin AI Agent,42715014290
215473771107907,2026-04-05 06:21:36,,5,TENZILE ,,Teammate,42702455151
215473775103054,2026-04-05 04:33:05,,5,Madeleydis,,Teammate,42678868206
215473773347358,2026-04-04 15:35:04,,4,Jesus,,Teammate,42667479023
215473775099754,2026-04-04 15:17:10,,5,EllieKo,,Teammate,42684268964
215473763765677,2026-04-04 15:02:16,,4,Oscar ,,Teammate,42656628667
215473770830417,2026-04-04 10:14:56,I am getting more and more impressed with IL’s customer service.  Thank you very much!,5,EllieKo,,Teammate,42662719399
215473709523325,2026-04-03 21:28:41,Thank you very much Hamza,5,Dutchwish,,Teammate,42628498189
215473739600054,2026-04-03 16:58:51,,5,dlongman@tokentradegames.com,,Teammate,42636343876
215473767111037,2026-04-03 16:17:22,,5,Cindy,,Teammate,42633345310
215473763744922,2026-04-03 13:11:41,,5,Matthew,,Teammate,42624745479
215473764323388,2026-04-03 12:37:00,,4,Eric,,Teammate,42622617268
215473740901263,2026-04-03 11:38:53,I would 100% still be using inventory labs and threecolts if i was still working on Amazon,5,kaknucklesllc,,Teammate,42619106114
215473662556574,2026-04-03 11:07:56,,4,Victoria,,Teammate,42581413273
215473755738238,2026-04-02 17:49:35,,4,,,Teammate,42576515333
215473651557284,2026-04-02 16:56:05,,5,,,Teammate,42484516034
215473728143179,2026-04-02 15:18:07,,5,Marcia,,Teammate,42566966455
215473753279201,2026-04-02 15:04:25,,5,melda,,Teammate,42563318606
215473712853328,2026-04-02 13:23:06,it worked,5,Belbirn,,Teammate,42558789859
215473736860262,2026-04-02 13:22:05,We have not gotten a response back to get my team member logged in.,2,Dean,,Teammate,42619219558
215473707372152,2026-04-02 12:49:53,,5,,,Teammate,42556261748
215473657339713,2026-04-02 09:15:14,,5,,,Teammate,42531168932
215473749027561,2026-04-02 08:49:36,,5,Ereny ,,Fin AI Agent,42537008505
215473748929799,2026-04-02 08:36:27,,5,Omer,,Teammate,42536086692
215473727123104,2026-04-02 07:51:11,,4,Richard,,Teammate,42533008441
215473705386249,2026-04-02 07:50:46,,5,Yasir,,Teammate,42375618485
215473710242179,2026-04-02 07:50:17,,4,ryan,,Teammate,42387312217
215473710249821,2026-04-02 07:49:40,,4,zafer,,Teammate,42397999883
215473731869434,2026-04-01 16:47:15,,5,staceyjb,,Teammate,42494959320
215473703721672,2026-04-01 16:42:01,,5,Amazon,,Teammate,42494255588
215473739477236,2026-04-01 16:26:00,,5,Nilaykumar,,Teammate,42493724048
215473708049190,2026-04-01 15:08:26,,5,Grace,,Teammate,42490809111
215473737225276,2026-04-01 14:51:30,,5,Orhan,,Teammate,42485267164
215473720532607,2026-04-01 14:45:32,,5,dlongman@tokentradegames.com,,Teammate,42474147951
215473739048008,2026-04-01 14:09:32,,5,Ramazan,,Teammate,42483573027
215473732641841,2026-04-01 12:02:22,,5,J,,Teammate,42473650137
215473734762746,2026-04-01 11:07:48,,5,EllieKo,,Teammate,42469022123
215473093654450,2026-04-01 10:08:45,,1,Jeff,,Teammate,42443797468
215473642703019,2026-04-01 02:44:21,,3,,,Teammate,42406965900
215473725988920,2026-03-31 19:31:41,really quick and solved my problem,5,Emre,,Teammate,42421419320
215473666670937,2026-03-31 16:52:05,I had to use a different credit card to get through your systems card security features. Not too thrilled about that.,2,Brysen,,Teammate,42403446075
215473724549415,2026-03-31 16:51:32,,5,Alishia,,Teammate,42412852270
215473723791625,2026-03-31 16:01:00,,3,Ismail,,Fin AI Agent,42408161778
215473722840732,2026-03-31 15:35:56,,4,Marcia,,Teammate,42407728950
215473690463743,2026-03-31 14:26:33,,5,,,Teammate,42400867380
215473720420464,2026-03-31 11:55:45,,5,harrylemont,,Fin AI Agent,42391006445
215473708424214,2026-03-31 11:34:59,,5,,,Teammate,42389340973
215473673246811,2026-03-31 07:53:57,Great,5,Gertou,,Teammate,42378317275
215473713182520,2026-03-31 07:27:09,,5,OKSAN,,Teammate,42370502800
215473712966229,2026-03-31 05:32:33,,4,Rebecca,,Fin AI Agent,42364967029
215473684379271,2026-03-31 01:34:22,,4,Kira,,Teammate,42315927739
215473704903466,2026-03-30 15:57:18,,5,EllieKo,,Teammate,42332210033
215473699549550,2026-03-30 15:39:40,,1,Kaylee,,Teammate,42329678276
215473705386249,2026-03-30 15:25:35,,5,Yasir,,Fin AI Agent,42330216799
215473704169665,2026-03-30 14:42:57,,5,Sarah,,Teammate,42327139701
215473680675017,2026-03-30 08:13:21,,4,Colly,,Teammate,42287461206
215473663314403,2026-03-30 06:21:28,,4,ilkay,,Teammate,42290284347
215473685729883,2026-03-30 05:49:28,,5,Ted,,Teammate,42247817955
215473640740767,2026-03-30 04:20:19,,5,Nathan Devlin,,Teammate,42235587320
215473674542756,2026-03-29 09:53:33,,4,Atson,,Teammate,42187531358
215473667591318,2026-03-28 23:07:37,They were NO help. My accounting in Inventory Lab still has not updated at all. 3 days and counting. Might be time to cancel,1,Dawn,,Teammate,42494360370
215473656017500,2026-03-28 03:09:06,,4,Justin,,Teammate,42117395994
215473666695160,2026-03-27 14:41:48,,5,Ryan,,Teammate,42157864196
215473667412823,2026-03-27 14:23:16,,5,Rob,,Teammate,42157997167
215473666285001,2026-03-27 13:38:13,,5,Gordon,,Teammate,42154781792
215473662242638,2026-03-27 10:31:56,Super fast response and resolution. Thanks,5,aspendist,,Teammate,42139311926
215473628261121,2026-03-27 08:52:48,,5,Nihat,,Teammate,42129998272
215473657682453,2026-03-27 03:02:47,,1,,,Fin AI Agent,42116895263
215473622817597,2026-03-26 19:45:48,,5,Akbar ,,Teammate,42084666572
215473654445350,2026-03-26 18:34:21,,5,Gaylen,,Fin AI Agent,42101757537
215473653133560,2026-03-26 17:44:14,great work,5,Jacob,,Teammate,42099380312
215473535925752,2026-03-26 17:10:45,,5,Victoria,,Teammate,42092955792
215473651135834,2026-03-26 15:48:43,Hamza was able to help clear all the errors for me,5,John,,Teammate,42092257246
215473590228534,2026-03-26 14:07:39,,4,Holly,,Teammate,42085559474
215473635257289,2026-03-26 11:27:11,,5,Sheri Fuld,,Teammate,42072229903
215473647262687,2026-03-26 11:15:55,,4,Mari-Lou,,Fin AI Agent,42072672020
215473633155104,2026-03-26 08:38:17,,5,Brian,,Teammate,42020155253
215473640684103,2026-03-26 02:13:25,sevgiler willow,5,melda,,Fin AI Agent,42044324694
215473639764845,2026-03-25 23:08:50,,5,MARK,,Fin AI Agent,42039374607
215473620414810,2026-03-25 19:36:03,,4,Yusuf,,Teammate,42031720163
215473637829799,2026-03-25 19:30:44,Great at walking through all the issues and fixing them for me,5,Zack,,Teammate,42031982465
215473634583260,2026-03-25 17:27:28,,5,Marcia,,Teammate,42023137877
215473602342913,2026-03-25 16:13:01,Justin has been on top of the issues we were having and very responsive. Great Job!!!,5,Tim,,Teammate,42098904237
215473617026173,2026-03-25 15:35:41,,5,Bradley,,Teammate,42019399016
215473619822964,2026-03-25 15:05:43,,4,David,,Teammate,42017140787
215473633129811,2026-03-25 14:08:03,,5,Brandon,,Teammate,42013381490
215473622965123,2026-03-25 13:47:55,,5,Sarah,,Teammate,42012194492
215473632291052,2026-03-25 12:10:26,,2,Joseph,,Fin AI Agent,42005187594
215473632058367,2026-03-25 12:06:42,,5,"AWUKA, LLC.",,Fin AI Agent,42004873028
215473617778633,2026-03-25 11:20:57,,5,Oscar,,Teammate,41995762282
215473628811438,2026-03-25 11:20:44,,5,Oscar,,Teammate,41993794925
215473598682177,2026-03-25 11:05:17,,5,Allan,,Chatbot,41857297292
215473608537271,2026-03-25 09:57:33,,5,Mesoly,,Teammate,41994489347
215473396475170,2026-03-25 09:20:34,,5,,,Teammate,41990402363
215473625475712,2026-03-25 03:56:59,,5,Emre,,Teammate,41975904436
215473591132458,2026-03-25 01:14:31,,5,Tim,,Teammate,41877862691
215473552605585,2026-03-24 17:27:03,"It's not the conversation, but I did try the demo and it was almost immediately obvious that the product would not work for my situation.  I asked to end the trial but received no response - and I was quite surprised that no support was available on the weekend",2,,,Teammate,41952429268
215473536223524,2026-03-24 16:48:58,,5,Bruce Yu,,Teammate,41952195060
215473588062177,2026-03-24 16:34:28,,4,sergs,,Teammate,41931274998
215473619247940,2026-03-24 15:46:48,Thank you for your help!,5,Joe,,Teammate,41948566697
215473604417064,2026-03-24 15:36:21,,4,Natalie,,Teammate,41944163865
215473617279625,2026-03-24 14:55:54,,4,Enrick,,Fin AI Agent,41945051041
215473571948638,2026-03-24 14:33:59,,4,Reice,,Teammate,41846281134
215473616589163,2026-03-24 14:02:57,Justin has been OUTSTANDING to work with!  He's a rock star!!!,5,mtmr,,Teammate,41941329525
215473616000204,2026-03-24 13:05:24,,5,John,,Teammate,41936969470
215473616193480,2026-03-24 12:46:08,,5,April,,Fin AI Agent,41935767649
215473575621720,2026-03-24 11:45:50,,5,Jay,,Teammate,41916828705
215473613883626,2026-03-24 10:21:22,,5,Brian,,Fin AI Agent,41924317730
215473612861868,2026-03-24 10:01:40,,5,dddarne93307,,Teammate,41922383732
215473576284179,2026-03-24 09:23:27,Still can not sign into my account.,2,Ryan ,,Teammate,41923318230
215473609051279,2026-03-24 04:47:32,,5,Emre,,Teammate,41905821038
215473607361909,2026-03-24 00:46:46,,5,LeeAnn,,Fin AI Agent,41898386849
215473601437804,2026-03-23 17:31:30,Justin did an awesome job helping me solve my issue!,5,Danauta,,Teammate,41883061080
215473600158716,2026-03-23 16:17:33,HELP,4,Valentin,,Teammate,41878106880
215473599201922,2026-03-23 14:54:55,"Great support from Justin, even when Inventory lab is riddled with glitches and errors, at least Justin can fix it",5,Steve ,,Teammate,41873470425
215473584251498,2026-03-23 14:37:27,great,5,Samuel,,Teammate,41871892298
215473598162718,2026-03-23 11:55:09,,5,Jill,,Teammate,41860350885
215473597807931,2026-03-23 11:02:13,,5,Emre,,Teammate,41856374324
215473566454497,2026-03-23 10:23:21,,1,Yasin,,Teammate,41763668930
215473597396295,2026-03-23 10:00:03,,4,Lorainne,,Fin AI Agent,41851574160
215473593504546,2026-03-23 05:12:31,,5,Refik,,Teammate,41835520159
215473582282284,2026-03-23 03:34:17,,5,Thomas,,Teammate,41791830119
215473587521454,2026-03-22 21:43:30,,4,Grant,,Teammate,41831845743
215473557302402,2026-03-22 13:39:15,,5,Sheri Fuld,,Teammate,41787238887
215473582560900,2026-03-22 11:56:07,,1,Niyazi,,Teammate,41804130944
215473585473384,2026-03-22 09:59:34,,5,,,Teammate,41798846134
215473534420848,2026-03-22 07:09:42,,1,Steve Brookes,,Teammate,41765770672
215473581800373,2026-03-21 21:30:40,,4,Brenda Azucena,,Fin AI Agent,41780814892
215473466031523,2026-03-21 20:33:37,,5,ExportYourStore Contact Ticket,,Teammate,41757762222
215473551227771,2026-03-21 14:10:44,,5,Amy,,Teammate,41735349526
215473578210647,2026-03-21 13:19:41,,5,lunabooks,,Teammate,41764976009
215473573666612,2026-03-21 10:35:08,,4,Brian,,Teammate,41747242646
215473575121052,2026-03-21 07:12:25,,5,Ellena,,Teammate,41750408300
215473566588816,2026-03-21 04:42:59,,4,Josef,,Teammate,41712945166
215473569174579,2026-03-20 20:29:37,I was able to get a work around from the support team right away and they knew exaclty what was wrong,5,Kelly,,Teammate,41734752164
215473554459046,2026-03-20 16:26:03,,5,Tolga,,Teammate,41723621356
215473569162918,2026-03-20 15:46:31,Make it easier to talk to a person please,2,andyinboston88@gmail.com,,Fin AI Agent,41722162959
215473532073600,2026-03-20 14:31:52,Great,5,Kim,,Teammate,41717817051
215473567390304,2026-03-20 14:02:42,"Perfect, thank you!",5,Margie,,Teammate,41715968668
215473566382880,2026-03-20 13:05:01,,4,mtmr,,Fin AI Agent,41712447268
215473508675636,2026-03-20 10:10:29,,5,XIE,,Teammate,41700392307
215473484993645,2026-03-20 09:56:07,,4,Lori,,Teammate,41684495932
215473498515717,2026-03-20 03:49:02,,4,"Schepers, Jan",,Teammate,41660151878
215473536757185,2026-03-19 18:54:09,,5,Caleb,,Teammate,41667738595
215473547175641,2026-03-19 16:57:51,,4,Matt,,Teammate,41658695280
215473554702755,2026-03-19 16:31:18,,5,Sarah,,Teammate,41660444276
215473553812318,2026-03-19 16:13:34,,5,SnAP,,Teammate,41659396584
215473530131338,2026-03-19 16:08:39,,5,melih,,Teammate,41650386584
215473552008074,2026-03-19 13:07:34,Excellent help!!!,5,Stephanie,,Fin AI Agent,41647274386
215473551674624,2026-03-19 12:32:55,,5,Stephanie,,Fin AI Agent,41644817057
215473534915956,2026-03-19 11:27:31,,3,Phil Stephens,,Teammate,41645727306
215473453602921,2026-03-19 11:10:49,,5,Thomas,,Teammate,41589203228
215473541644146,2026-03-18 22:05:19,,5,,,Fin AI Agent,41604616150
215473538335107,2026-03-18 18:06:53,,5,Ben,,Teammate,41595307609
215473538087306,2026-03-18 17:35:27,,5,ULKU,,Teammate,41593744828
215473537699515,2026-03-18 16:52:12,,5,,,Fin AI Agent,41604550630
215473469718602,2026-03-18 15:57:17,,5,CHOCBOX,,Teammate,41586891590
215473535016549,2026-03-18 13:43:05,,5,,,Fin AI Agent,41578893120
215473533501972,2026-03-18 12:42:18,,5,Gordon,,Teammate,41574334002
215473533902570,2026-03-18 12:29:49,quick and eager to fix the problems,5,April,,Teammate,41573346959
215473527092566,2026-03-18 08:45:48,,4,Annabelle,,Fin AI Agent,41539389936
215473505734001,2026-03-18 08:19:16,You guys are are just awesome!,5,Dan,,Teammate,41515785702
215473512119896,2026-03-18 06:09:54,,5,Mehmet,,Teammate,41542123006
215473525098853,2026-03-17 19:23:24,,5,Rushil,,Fin AI Agent,41528277544
215473524650554,2026-03-17 18:57:21,,5,mesut,,Teammate,41527115224
215473520775066,2026-03-17 16:38:21,,5,Allshoppers,,Teammate,41515593495
215473521297613,2026-03-17 15:34:36,Justin was really helpful and quickly solved my problem. Thank you!,5,RAMAZAN,,Teammate,41515452999
215473485079626,2026-03-17 15:26:55,"Great, fast response",4,Michelle,,Teammate,41474105476
215473521216389,2026-03-17 15:24:14,,4,Tim,,Teammate,41596334758
215473500500087,2026-03-17 13:09:22,,5,,,Teammate,41501580778
215473506895415,2026-03-17 12:36:36,,4,Tim,,Teammate,41502997233
215473463340880,2026-03-17 11:49:04,iyi,4,Nidanur,,Teammate,41499403460
215473510000534,2026-03-17 10:50:22,,5,DERYA,,Teammate,41494650026
215473510578035,2026-03-17 05:40:21,Very helpful information,5,Ricardo,,Teammate,41476258077
215473469588222,2026-03-17 04:29:41,,5,Marvin Kutzey,,Teammate,41449221574
215473503583755,2026-03-17 03:49:42,,5,Emircan,,Teammate,41440896299
215473497166499,2026-03-17 03:37:13,,5,Ricardo,,Teammate,41470085548
215473510640146,2026-03-16 23:57:06,,5,prime,,Fin AI Agent,41465635298
215473510000534,2026-03-16 21:49:40,teşekkürler,5,DERYA,,Fin AI Agent,41462176151
215473508600471,2026-03-16 21:13:17,,4,Karen,,Fin AI Agent,41460972918
215473506661851,2026-03-16 16:29:38,great job,5,Sarah,,Fin AI Agent,41447798653
215473506435556,2026-03-16 16:17:40,,4,becron1987@gmail.com,,Fin AI Agent,41446513821
215473495106559,2026-03-16 15:34:19,,4,,,Teammate,41444049992
215473478869731,2026-03-16 14:31:45,,5,BARISHAN,,Teammate,41440166156
215473493855725,2026-03-16 13:59:33,The best representative ever.,5,Amazon,,Teammate,41437007663
215473503410248,2026-03-16 12:51:04,,5,Amy,,Fin AI Agent,41432879342
215473500669185,2026-03-16 10:12:46,,5,Dean,,Fin AI Agent,41420375375
215473497454060,2026-03-16 10:11:19,,4,Ledun,,Teammate,41403696863
215473496997518,2026-03-16 04:45:51,,4,Emmet,,Fin AI Agent,41400810914
215473482514268,2026-03-16 04:26:02,,5,Jlouzada,,Teammate,41351473811
215473493602540,2026-03-15 19:45:06,,4,Margaret,,Fin AI Agent,41385302931
215473491330277,2026-03-15 14:22:55,,5,,,Fin AI Agent,41373502978
215473482799276,2026-03-15 12:47:10,,4,Ethan,,Teammate,41353595746
215473490299829,2026-03-15 12:20:10,,5,,,Fin AI Agent,41368647131
215473488417073,2026-03-15 10:27:30,,5,,,Fin AI Agent,41364094317
215473487336765,2026-03-15 08:32:03,,5,Maitte,,Teammate,41359597628
215471204775720,2026-03-15 08:21:36,,5,Maitte,,Teammate,41359347239
215473463693761,2026-03-14 20:05:13,No one has answered me yet and it's been 3 or 4 days.,2,Bryan,,Teammate,41692423283
215473472129773,2026-03-14 16:07:18,Nothing is resolved,1,Shopbysafely,,Teammate,41333541757
215473462616597,2026-03-14 13:47:30,,5,Ark,,Teammate,41316335294
215473480564214,2026-03-14 13:03:39,,5,Bryan,,Teammate,41323860069
215473479162609,2026-03-14 08:21:40,,5,Jeff,,Teammate,41314218180
215473472998784,2026-03-14 08:14:05,,4,staceyjb,,Teammate,41277984980
215473393817629,2026-03-14 06:00:12,,4,bektaş,,Teammate,41280685616
215473433713977,2026-03-14 05:48:23,,5,,,Teammate,41184859659
215473467876756,2026-03-14 04:26:18,,4,,,Teammate,41254006700
215473468098100,2026-03-14 04:25:06,,5,Justin,,Teammate,41267901985
215473463232236,2026-03-14 04:24:18,,4,Casey,,Teammate,41251130199
215473432460514,2026-03-13 19:43:11,,5,Leslie Quinn,,Teammate,41167361904
215473382562116,2026-03-13 17:46:22,,5,Tessa Gnesin,,Teammate,41270663752
215473472176088,2026-03-13 17:44:43,,5,Robert ,,Teammate,41285942805
215473412041695,2026-03-13 16:13:14,,4,Christopher,,Teammate,41255067004
215473462844339,2026-03-13 15:40:17,,4,Admin,,Teammate,41254033628
215473473333662,2026-03-13 15:38:53,Always wonderful customer service and help!,5,Joan,,Teammate,41281184665
215473472159768,2026-03-13 15:29:58,,5,MakiD,,Teammate,41280504310
215473452453502,2026-03-13 14:52:56,,5,,,Teammate,41277838727
215473472146160,2026-03-13 14:33:22,Is there a video of Polly bagging books?What is next step after putting in the box and getting that weight?,5,,,Fin AI Agent,41296441497
215473461773550,2026-03-13 12:51:59,The agent was very helpful.Got me on the right track.,5,,,Teammate,41268685263
215473428571491,2026-03-13 11:46:59,,4,Jake Damerow,,Teammate,41190282648
215473438449856,2026-03-13 08:13:39,,5,Mark,,Teammate,41257690232
215472769365436,2026-03-13 05:45:25,,5,ismail,,Teammate,41207252430
215473465395202,2026-03-13 04:40:49,,5,Orhan,,Teammate,41239844230
215473388581129,2026-03-13 04:20:15,,5,Nathan Devlin,,Teammate,41172065444
215473459674945,2026-03-12 19:29:25,,5,Grace,,Teammate,41212121980
215473461773550,2026-03-12 18:46:46,Ok I entered the dimensions and it won't print or move on to the next book.They're all lined up but I can't seem to move on.,5,,,Fin AI Agent,41221265682
215473461765918,2026-03-12 18:08:46,Always great customer service. Appreciate you all!!,5,Joan,,Teammate,41219034823
215473460656598,2026-03-12 17:38:47,,4,,,Teammate,41217458824
215473460232973,2026-03-12 17:28:31,,4,DERYA,,Fin AI Agent,41213303153
215473455656727,2026-03-12 13:17:33,,5,,,Teammate,41200682241
215473444456203,2026-03-12 13:01:14,"Justin figured out the problem I was having in no time when others could not.  Thanks, Justin!!!!!",5,Brian,,Teammate,41182587379
215473432044952,2026-03-12 12:31:50,great job,5,zhanna,,Teammate,41197592799
215473446998931,2026-03-12 12:27:31,,5,Kris,,Teammate,41197152336
215473395908111,2026-03-12 12:19:36,Support via e-mail? Why not take it down another notch and do it by the US Mail? Get with it.,4,Elisabeth,,Teammate,41185229179
215473455842309,2026-03-12 12:02:07,,5,Eric,,Teammate,41195201825
215473453259218,2026-03-12 10:30:48,"Very helpful, thanks!",5,Rudney21,,Teammate,41187840995
215472540867438,2026-03-12 07:07:16,,1,ILIYA,,Teammate,41252780755
215473388661297,2026-03-11 19:04:05,,4,Girard Ivory,,Teammate,41089548175
215473444523897,2026-03-11 17:29:48,,5,Daniel,,Teammate,41145006344
215473392905273,2026-03-11 17:25:11,,4,Ayoub,,Teammate,41143958683
215473444497840,2026-03-11 17:11:33,,4,Ayoub,,Fin AI Agent,41144047698
215473409875715,2026-03-11 16:37:19,,4,Laine,,Teammate,41133041047
215473442982398,2026-03-11 15:50:34,Very quick response time with just the solution I needed!,5,Rachel,,Teammate,41139113923
215473427059311,2026-03-11 15:32:22,,4,Ramazan,,Teammate,41056455231
215472616700182,2026-03-11 15:29:31,,5,BARISHAN,,Teammate,41137208114
215473441210295,2026-03-11 15:01:00,,5,Jeremy,,Teammate,41135628940
215473440216701,2026-03-11 14:43:55,,5,Matt,,Teammate,41134422173
215473441151125,2026-03-11 14:43:13,,5,Suzanne,,Fin AI Agent,41134469191
215473430472859,2026-03-11 12:56:30,,5,,,Teammate,41126184993
215473439149440,2026-03-11 12:29:04,,5,Alex,,Teammate,41124447604
215473428773918,2026-03-11 10:14:34,thanks for the help,5,SaintP,,Teammate,41104284622
215473435407164,2026-03-11 07:18:53,,5,Emre,,Teammate,41101675891
215473435013732,2026-03-11 07:08:03,,5,Emre,,Teammate,41101143768
215473430481015,2026-03-11 02:23:19,,5,DAMLA,,Teammate,41089827713
215473406982651,2026-03-10 20:43:47,,5,zhanna,,Teammate,40984362161
215473360254271,2026-03-10 18:34:39,,5,,,Teammate,41071544605
215473431025713,2026-03-10 18:21:36,,5,,,Fin AI Agent,41146977293
215473410994500,2026-03-10 17:09:18,,5,Oscar,,Teammate,41063952647
215473378649646,2026-03-10 17:07:32,,5,Phil Simpson,,Teammate,41030961547
215473387858944,2026-03-10 16:32:40,,5,Joseph,,Teammate,41067408267
215473429237863,2026-03-10 15:55:46,,4,Stephen,,Teammate,41066095951
215473386835623,2026-03-10 14:36:53,,5,Herbert,,Teammate,41057935578
215473427776070,2026-03-10 14:33:02,,5,,,Fin AI Agent,41063691170
215473427180219,2026-03-10 13:53:31,,5,,,Fin AI Agent,41057826225
215471823937806,2026-03-10 13:44:21,,4,Jim ,,Teammate,41057065723
215473390287147,2026-03-10 13:25:30,,5,,,Teammate,41053738393
215472932759491,2026-03-10 12:07:26,,5,Jack Kendall,,Teammate,41028442770
215469439594108,2026-03-10 11:21:28,,5,House Of Hauntz,,Teammate,24998342025
215473421711293,2026-03-10 10:30:31,Hamza quickly found me a workaround for the problem and sent me a short video explanation.,5,debi_zyx,,Teammate,41041988730
215473391115693,2026-03-10 09:54:52,Thank you for helping me. You responded quickly.,5,Tactical_Arbitrage,,Teammate,40991735013
215473350959438,2026-03-10 09:32:49,,5,Bill,,Teammate,41037724204
215473386258197,2026-03-10 07:35:20,I never spoke with anyone. It took a day to answer my question and i'm still unclear on the issues at hand.,2,Jason,,Teammate,41468926836
215473402877866,2026-03-10 04:55:35,,4,Kaleb,,Teammate,40968750690
215473396857126,2026-03-10 04:41:50,,4,Steve ,,Teammate,40980795396
215473411755503,2026-03-09 18:04:59,quick and efficient!,5,Raffy ,,Teammate,40999051258
215473412106789,2026-03-09 17:47:43,,5,Sofiene,,Fin AI Agent,41000764324
215473406295415,2026-03-09 17:44:09,,5,,,Fin AI Agent,40977612541
215473411506862,2026-03-09 16:56:31,,5,Daniel,,Teammate,40998051814
215473410215451,2026-03-09 16:32:59,,4,Leigh,,Teammate,40996650962
215473410037345,2026-03-09 15:16:20,,5,Emrah,,Teammate,40991839815
215473387868278,2026-03-09 14:08:41,,5,va.hubertvollmer@gmail.com,,Teammate,40971134245
215473379783827,2026-03-09 12:37:32,,4,Orya,,Teammate,40978872023
215473404255495,2026-03-09 12:31:51,nice nice nice,5,omer,,Teammate,40980270547
215473240353061,2026-03-09 12:16:39,"Great job, thank you!",5,Fornari,,Teammate,40979097151
215473355707339,2026-03-09 11:53:54,"hey Amanda, this is Bill. I have an account with you guys, but I have to wait till amazon and Get get a hold of me before I can move forward with you guys. Please understand that I will come back to you guys once I find out from Amazon, it might take a whole week. Thank you any questions. Please get back to me. God bless you.",5,,,Teammate,40735367671
215473395629358,2026-03-09 11:46:31,I have got my books on a buy list.Wjays my next step,5,,,Fin AI Agent,40929449338
215473347608485,2026-03-09 11:39:58,merhaba,4,mehmet,,Teammate,40833634985
215473396484218,2026-03-09 11:25:16,,5,,,Teammate,40979949680
215473392907776,2026-03-09 07:44:37,Thank You!,5,mfishta007,,Teammate,40953379328
215473394135501,2026-03-09 04:23:34,,4,Brandon,,Teammate,40924748441
215473388261786,2026-03-09 04:22:52,,4,TramayneP,,Teammate,40911071120
215473396196357,2026-03-09 04:05:49,Çok yararlı,5,Nidanur,,Teammate,40950141421
215473397498343,2026-03-08 21:35:12,Right on help. Thanks!,5,Matthew,,Fin AI Agent,40939424481
215473388053981,2026-03-08 19:42:39,,5,Kristin Klein,,Teammate,40996814581
215473382635271,2026-03-08 14:31:08,,5,Narges,,Teammate,40870964659
215473390547275,2026-03-08 13:05:00,,5,Doguscan,,Teammate,40914876749
215473288328149,2026-03-08 06:45:30,,1,Katherine,,Teammate,40590529862
215473387227066,2026-03-08 04:17:31,,4,RAMAZAN,,Teammate,40885238658
215473377367689,2026-03-07 15:43:09,,5,Michelle,,Teammate,40888345511
215473339029161,2026-03-07 14:01:34,,5,Sheri Fuld,,Teammate,40881469622
215473380526570,2026-03-07 13:57:14,took too long to respond and i had to spend my own time solving the problem.,2,Johnny,,Teammate,40884696671
215473381195464,2026-03-07 13:55:04,,4,Allan,,Teammate,40860091539
215473375729165,2026-03-07 13:41:33,,5,MUSTAFA,,Teammate,40825287583
215473374902167,2026-03-07 12:52:43,,5,Mike,,Teammate,40879565491
215473374831450,2026-03-07 12:15:18,,5,Aydan,,Teammate,40876191210
215473383551165,2026-03-07 10:37:09,,5,Benjamin,,Teammate,40874157209
215473371297718,2026-03-07 08:25:34,Mr. Saad I really appreciate you resolving this issue in prompt and timely manner. Your help was well above exceptional and thank you again for providing me with an opportunity to utilize your products.,5,Anthony,,Teammate,40859821680
215473369447372,2026-03-07 02:37:04,,4,,,Teammate,40810961157
215473364324169,2026-03-07 02:36:40,,4,,,Teammate,40817095435
215473370002699,2026-03-07 02:34:41,,5,,,Teammate,40804496992
215473379453181,2026-03-06 17:17:29,,5,Moises Jake,,Teammate,40836860378
215473366569653,2026-03-06 17:06:18,,4,Marilyn ,,Teammate,40809551890
215473377095206,2026-03-06 15:37:56,,5,Maykel,,Fin AI Agent,40835508987
215473362437734,2026-03-06 14:34:22,,1,Fatma,,Teammate,40887874340
215473377508074,2026-03-06 13:31:31,,5,CJ Pacelli,,Fin AI Agent,40826963931
215473375478657,2026-03-06 13:31:08,,5,Cigdem,,Teammate,40828037695
215473365503785,2026-03-06 13:17:00,,3,Hank Supply LLC,,Teammate,40826815319
215471920298916,2026-03-06 12:05:54,,3,ASHENAFI,,Fin AI Agent,34517908348
215473364399063,2026-03-06 10:49:54,,5,Amy,,Teammate,40819838347
215473374980438,2026-03-06 10:13:30,Hazma helped me get my shipment to the finish line,5,John,,Teammate,40814557142
215473374709696,2026-03-06 09:33:56,,5,Sierra,,Fin AI Agent,40811807471
215473372771287,2026-03-06 09:11:21,Hamza is great!,5,Richard,,Teammate,40810226881
215473373454133,2026-03-06 08:50:00,Great support. Thank you.,5,David,,Teammate,40808070336
215473358861998,2026-03-06 07:48:52,,5,,,Teammate,40804978804
215473372582848,2026-03-06 06:19:16,,5,Mathieu,,Fin AI Agent,40800522286
215473370395636,2026-03-06 01:07:45,,4,charles,,Fin AI Agent,40793200805
215473350736456,2026-03-05 22:38:33,you guys are awesome. I’ll plan on using you guys big time. Thank you for everything you guys do. God bless you all.,5,,,Chatbot,40743906134
215473350790267,2026-03-05 19:29:40,,5,,,Teammate,40778088443
215473367756993,2026-03-05 19:03:35,,5,mhough78 ,,Teammate,40777437984
215473346470834,2026-03-05 15:39:34,,1,dilekdurna,,Teammate,40768107486
215473348140179,2026-03-05 15:29:47,,5,Warehouse,,Teammate,40699065008
215473347780643,2026-03-05 15:07:00,,5,Aydan,,Teammate,40765071059
215473364745785,2026-03-05 14:49:01,,5,Kari ,,Fin AI Agent,40764176665
215473363479740,2026-03-05 14:02:44,,4,Alicia,,Fin AI Agent,40757503586
215473357917119,2026-03-05 07:35:36,good,5,DİLAN,,Teammate,40734539383
215473356677075,2026-03-05 05:54:38,,5,Emre,,Teammate,40727622251
215473355563579,2026-03-05 02:26:39,,5,giosuè epis,,Teammate,40721300730
215473355257558,2026-03-05 02:19:25,,5,giosuè epis,,Teammate,40721189548
215473352044049,2026-03-04 19:26:04,,5,ULKU,,Fin AI Agent,40709337577
215473350959438,2026-03-04 17:16:02,thank you so much.,5,Bill,,Fin AI Agent,40703702283
215473347680868,2026-03-04 13:49:54,,5,Sentegration,,Teammate,40691617685
215473347115908,2026-03-04 12:58:53,"as usual, very responsive and spot on",5,April,,Fin AI Agent,40688196677
215473166523685,2026-03-04 12:48:25,I CANNOT SEE OR FIGURE OUT WHY THERE IS A RED CIRC,5,April,,Teammate,39873263938
215473293269951,2026-03-04 12:31:46,,4,David,,Teammate,40662611547
215473318800846,2026-03-04 09:33:48,,4,Freedom326,,Teammate,40596700457
215473319176675,2026-03-04 09:32:44,,4,,,Teammate,40612121464
215473340542077,2026-03-04 09:04:28,,5,John,,Teammate,40671285928
215473333268868,2026-03-04 08:50:52,,5,,,Teammate,40670339016
215473340234407,2026-03-04 07:18:07,top,5,David Oosterlinck,,Teammate,40665123368
215473320391119,2026-03-04 06:37:42,,5,JANET,,Teammate,40653780871
215473324399359,2026-03-04 05:21:17,,5,Amie Foster,,Teammate,40662179931
215473340308292,2026-03-04 02:43:35,good,5,Marvin Kutzey,,Teammate,40652738075
215473295454813,2026-03-03 21:02:38,,5,Amie Foster,,Teammate,40591499568
215473337982929,2026-03-03 19:53:03,Fast and quick to help!,5,David ,,Teammate,40640220399
215473334452706,2026-03-03 19:31:05,Justin was GREAT!! Thanks for the quick help and solving my problem!!,5,Jeff,,Teammate,40638951608
215473335674039,2026-03-03 19:03:26,,5,Sarah,,Teammate,40638181971
215473313090978,2026-03-03 18:25:45,,5,Mike,,Teammate,40632234739
215473337460270,2026-03-03 18:23:54,,5,,,Fin AI Agent,40636463047
215473335813309,2026-03-03 17:05:54,,5,tai,,Teammate,40632623773
215473330984783,2026-03-03 15:45:11,,5,mansolinc58,,Teammate,40627392671
215473328117812,2026-03-03 12:06:39,,5,Brian,,Teammate,40613056438
215473320098442,2026-03-03 11:28:19,"Quick professional, and solve the problem",5,Paul,,Teammate,40609840806
215473306043707,2026-03-03 11:21:16,,5,Laith,,Teammate,40595043094
215473324223460,2026-03-03 10:50:54,,5,Kadir,,Teammate,40598718040
215473329196695,2026-03-03 10:30:49,,5,Wendy,,Fin AI Agent,40605729189
215473320424988,2026-03-03 08:18:46,Thank you for that courtesy - looking forward to using an app I can actually understand!,5,JANET,,Teammate,40593482518
215473322780143,2026-03-03 06:21:35,,5,Emre,,Teammate,40584515801
215473306028441,2026-03-03 03:42:13,,4,Bryce,,Teammate,40521707079
215473301157123,2026-03-03 03:40:36,,4,paulnguyen1000 ,,Teammate,40521521723
215473320316512,2026-03-02 21:20:17,,5,Raffy ,,Teammate,40570164733
215473281237729,2026-03-02 20:54:11,,5,Susie,,Teammate,40533367275
215473315181153,2026-03-02 20:17:34,Justin quickly helped me with my issue and did so in a very friendly and professional way. Thanks again for your help!,5,mnaka39,,Teammate,40568009632
215473319643237,2026-03-02 19:28:35,Quick reponse late in the day. Helped instantly!,5,David ,,Teammate,40566496571
215473317751168,2026-03-02 19:07:48,,5,Phillip,,Teammate,40562324879
215473251018515,2026-03-02 17:55:15,,5,Ian Forsyth,,Teammate,40560059410
215473317902948,2026-03-02 17:53:37,,5,Calvin,,Teammate,40562423120
215473317971501,2026-03-02 17:52:19,,5,John,,Teammate,40562150291
215473318056971,2026-03-02 17:49:18,quick resolution,5,Irina,,Teammate,40562011507
215473312532981,2026-03-02 17:10:11,,5,John,,Teammate,40559866280
215473315650694,2026-03-02 15:26:26,,4,Liz,,Teammate,40553829775
215473316475311,2026-03-02 15:17:08,,5,Kelly,,Fin AI Agent,40553220917
215473314205068,2026-03-02 13:41:54,,5,Ciela,,Teammate,40546473477
215473314617120,2026-03-02 13:41:02,,5,A.,,Teammate,40546540394
215473314052964,2026-03-02 13:39:05,,5,Thuan,,Teammate,40545891301
215473293954781,2026-03-02 12:06:05,,5,charles,,Teammate,40506723371
215473296538463,2026-03-02 09:28:44,,5,Matthew,,Teammate,40526014846
215473273792142,2026-03-02 06:54:14,,4,Gianluca Pellot,,Teammate,40515649709
215473300002956,2026-03-02 03:30:21,,4,Charity,,Teammate,40471031551
215473295801542,2026-03-02 03:29:51,,5,,,Teammate,40460585800
215473300057207,2026-03-01 12:20:14,,5,Fernando,,Teammate,40473819643
215473300053533,2026-03-01 10:36:29,,4,felixxiano ,,Teammate,40471136651
215473293353236,2026-03-01 07:48:53,,4,RAMAZAN,,Teammate,40435878820
215473275587819,2026-03-01 06:48:49,,5,Amie Foster,,Teammate,40454859753
215473293757556,2026-03-01 05:46:55,,4,Nicole,,Teammate,40436895969
215473272188470,2026-03-01 05:46:11,,4,DOV,,Teammate,40371872866
215473286070297,2026-03-01 05:45:14,,4,Independent,,Teammate,40407424604
215473284747743,2026-03-01 05:44:43,,5, Allen,,Teammate,40460369091
215473296941688,2026-03-01 01:48:21,,4,Wix Support,,Chatbot,40454335370
215473140717755,2026-03-01 01:46:49,,2,Wix Support,,Teammate,40454302495
215473293766657,2026-02-28 14:09:33,,4,Jeff,,Fin AI Agent,40434235509
215473280576332,2026-02-28 13:56:52,Generic answer from chat gpt :(,1,Kevin,,Teammate,40431567484
215473258641985,2026-02-28 13:30:37,,5,Steve Greenwood,,Teammate,40342060270
215473292950225,2026-02-28 12:46:39,,5,Lisa,,Teammate,40430376115
215473289323784,2026-02-28 11:54:41,,4,Veloryxen,,Teammate,40427701797
215473289859013,2026-02-28 11:49:49,good,5,Marvin Kutzey,,Teammate,40427294959
215473289926449,2026-02-28 05:04:40,,5,Pedro,,Fin AI Agent,40410631128
215473278865948,2026-02-28 03:00:49,,5,Isaac,,Teammate,40362203542
215473269986260,2026-02-28 03:00:16,,4,Amazon,,Teammate,40341417765
215473252231173,2026-02-27 21:42:40,,5,ASIYE,,Teammate,40282864647
215473264203890,2026-02-27 18:45:58,Excellent support,5,,,Teammate,40390063867
215473218139248,2026-02-27 17:43:41,"No this is not a good answer. you cannot tell me that its ""likely"" because of something.
Yuri • Just now
Need you to escalate this",1,Yuri,,Teammate,40694231209
215473268253329,2026-02-27 17:15:25,Tired of all these hiccups and changes to the system with no direction. Then talking to your Willow bot just adds to the frustration.,1,Johnny,,Teammate,40387789579
215473216973715,2026-02-27 16:46:53,he cant even read,1,Atahan,,Teammate,41658616249
215473283965032,2026-02-27 15:40:27,Always so helpful!!,5,Joan,,Fin AI Agent,40384796068
215473283054481,2026-02-27 15:28:00,İlginiz için teşekkür ederim.tüm sorunlarıma kısa sürede cevap verdiğiniz için teşekkürler.,5,Tolga,,Teammate,40382413317
215473283707598,2026-02-27 15:14:25,,5,Oscar,,Fin AI Agent,40383182646
215473281194608,2026-02-27 15:03:43,,5,Jack Kendall,,Teammate,40379719910
215473282697461,2026-02-27 13:47:02,,4,Wix Support,,Chatbot,40377278752
215473279860684,2026-02-27 13:46:18,,5,Wix Dev Relations,,Chatbot,40377196861
215473238933729,2026-02-27 13:11:51,,4,savannah,,Teammate,40432110797
215473280102976,2026-02-27 12:27:49,,5,Michael,,Fin AI Agent,40367651414
215473278936966,2026-02-27 10:27:32,,5,raicart,,Teammate,40362922090
13163,2026-02-27 08:22:51,,2,Karin,,Teammate,298274
215473251738838,2026-02-27 06:28:41,,5,7stocks,,Teammate,40342273689
215473257346900,2026-02-27 04:05:41,I sent the email but no response,1,Gianluca Pellot,,Teammate,40337120325
215473271616686,2026-02-26 23:38:49,"To many requests for feedback along with emails. Put a filter in python on the program e.g., att: request rating if 1000 characters have been typed be user or something. If a response is short you can assume it was solved without issues",4,charles,,Fin AI Agent,40334940283
215473269837697,2026-02-26 19:33:04,no,5,charles,,Fin AI Agent,40327885932
215473269149381,2026-02-26 18:21:31,Excellent Service,5,Raffy ,,Teammate,40324539661
215473258784914,2026-02-26 17:53:36,,4,marksman09,,Teammate,40307095876
215473249684006,2026-02-26 17:52:50,,5,Raffy ,,Teammate,40309477185
215473266535160,2026-02-26 16:41:22,"fixed the issue, just took a while. However got it fixed.",4,Oscar,,Teammate,40320305045
215473244609877,2026-02-26 15:35:59,,4,Jim Adams,,Teammate,40309268115
215473267171859,2026-02-26 15:16:38,,4,Marc,,Teammate,40315492173
215473260983157,2026-02-26 14:43:55,,5,Jokxan,,Teammate,40313575804
215473265672264,2026-02-26 14:21:43,,5,Mark and Carrie ,,Teammate,40312204531
215473265482651,2026-02-26 13:34:48,,5,cheasopha,,Fin AI Agent,40309480264
215473230405705,2026-02-26 13:14:57,just AI answers?,1,Kamil Niewulis,,Chatbot,40300267041
215473257205740,2026-02-26 12:56:16,,3,YELDA,,Teammate,40305645016
215473262124941,2026-02-26 12:20:58,Hamza was very helpful and did an amazing job helping me through the problematic process.,5,ULKU,,Teammate,40304129969
215473244598259,2026-02-26 11:30:56,"Sorun çözülmedi, bağlantı yapılacaktı gelmediler. Aynı burnu havada SR ekibi. Hiçbir şeyi önemsemiyorlar.",1,Serap,,Teammate,40370104327
215473251302427,2026-02-26 10:41:06,,5,Alex,,Teammate,40288270993
215473235440456,2026-02-26 09:46:26,,5,Bubble Box,,Teammate,40260679371
215473148077023,2026-02-26 04:29:46,,5,Himmam,,Teammate,40253794482
215473191238023,2026-02-26 04:21:39,,3,adam todd,,Teammate,40222723230
215473242049872,2026-02-26 03:17:10,,5,ExportYourStore Contact Ticket,,Teammate,40272760760
215473239967064,2026-02-26 03:14:04,,5,Lu Shen,,Teammate,40272852061
215473166344181,2026-02-26 02:39:31,,5,GreatbyChoice,,Teammate,40218257699
215473234875791,2026-02-25 18:23:18,,5,,,Teammate,40253721270
215473235484000,2026-02-25 17:31:42,,5,mnboins,,Teammate,40253659812
215473234184817,2026-02-25 16:50:27,"Somewhat helpful, but not fully.",3,Leigh,,Teammate,40248365051
215473251250203,2026-02-25 15:55:34,Ok.,5,Claudia Corrêa,,Teammate,40249059878
215473251254626,2026-02-25 15:32:58,,5,,,Teammate,40247656197
215473243080407,2026-02-25 12:41:48,,5,Raffy ,,Teammate,40236116199
215473244890893,2026-02-25 10:54:40,"my query was not answered, I am not looking to work with you, it is a compliance query to see if an NLA licence is legally necessary.",1,Fred Richardson,,Teammate,40228727988
215473241560548,2026-02-25 06:38:27,,4,Eliot Evans,,Teammate,40212015006
215473241457276,2026-02-25 06:26:28,,5,Emre,,Teammate,40211981532
215473224899723,2026-02-25 04:58:54,,4,Malcolm,,Teammate,40207794669
215473206803672,2026-02-24 22:54:08,,5,Marieta,,Teammate,40173141730
215473197852287,2026-02-24 18:37:35,,3,Jennie Perley,,Teammate,40143847064
215473184590171,2026-02-24 14:49:02,,5,Alex,,Teammate,40096426860
215473232851910,2026-02-24 13:26:55,,5,Carlos,,Teammate,40170679892
215473231212619,2026-02-24 11:54:57,,5,oscar enoc mariscal gomez,,Fin AI Agent,40163949773
215473215615567,2026-02-24 11:06:48,,5,Joe Norris,,Teammate,40158402209
215473229932545,2026-02-24 11:02:43,Tamam bi git ya aq,4,Merve,,Fin AI Agent,40159410748
215473228643819,2026-02-24 09:27:24,,5,Claudia Corrêa Bona,,Fin AI Agent,40153300370
215473219763174,2026-02-24 07:36:32,,4,ALIHAN,,Teammate,40145661641
215473216736482,2026-02-23 17:28:34,helpful,5,JORDAN,,Teammate,40113797514
215473181236102,2026-02-23 16:23:36,,5,Eric,,Teammate,40112902363
215473204569480,2026-02-23 13:15:10,"not helpful, seemed unexperienced and unwilling to assist",1,Jackson,,Teammate,40103122586
215473215848355,2026-02-23 13:15:08,,5,Grace & Bill,,Teammate,40101403065
215472740863697,2026-02-23 13:06:57,,5,vernon,,Teammate,40100172397
215473179819462,2026-02-23 10:26:08,Great service!!!  You folks listen and fix any problems.  Thanks so much!,5,Bruce,,Teammate,40081377817
215473212441150,2026-02-23 10:07:49,,4,aspendist,,Fin AI Agent,40086815435
215473196161438,2026-02-23 05:59:22,,5,ebmerchants ,,Teammate,40024799625
215473202160845,2026-02-23 03:18:40,,5,greyfitz,,Teammate,40038739533
215473194351391,2026-02-22 16:11:12,,5,George,,Teammate,40034659657
215473201370752,2026-02-22 11:01:26,,5,Ted,,Fin AI Agent,40034536381
215473193603007,2026-02-22 03:06:21,,5,Emre,,Teammate,40018305254
215473191247627,2026-02-22 02:54:53,,4,Linda,,Teammate,39978966111
215473196841662,2026-02-21 20:49:53,,5,,,Fin AI Agent,40011346780
215473194812037,2026-02-21 14:26:03,,4,Joshua,,Teammate,39999724453
215473190395224,2026-02-21 14:05:01,Thank you,5,EpiCommerceLLC,,Teammate,39978835791
215473194606224,2026-02-21 13:42:40,,5,Florence,,Fin AI Agent,39998081110
215473186477040,2026-02-21 13:26:16,thanks,5,RAMAZAN,,Teammate,39997317334
215473193251278,2026-02-21 13:21:58,Isto;,3,Miriam,,Teammate,39992243075
215473179810650,2026-02-21 12:23:11,,2,David,,Teammate,39990256970
215473138118607,2026-02-21 11:27:36,,3,Marvin Kutzey,,Teammate,39987684704
215473190239739,2026-02-21 11:14:10,,5,Rebecca,,Teammate,39991288012
215473181827752,2026-02-21 01:52:57,,5,Patrick,,Teammate,39948749931
215473115117812,2026-02-20 17:45:52,The ticket was closed before I had a reasonable opportunity to reply. Please reopen the case so we can properly resolve the matter.,1,Härignas,,Teammate,40582468282
215473186664976,2026-02-20 17:11:29,,2,Michael,,Fin AI Agent,39959505820
215473183836734,2026-02-20 14:33:24,,5,Showcase,,Teammate,39951105847
215473174042921,2026-02-20 12:15:37,,5,Phyllis,,Teammate,39920927671
215473124116832,2026-02-20 06:36:23,,5,Jenn,,Teammate,39913526065
215473088946481,2026-02-20 06:15:40,,5,SHANEL WILLIAMS OREILLY,,Teammate,39908438274
215473176109161,2026-02-20 05:33:28,,5,SELİM,,Teammate,39915776322
215473175925331,2026-02-20 03:29:01,,5,wingedera,,Teammate,39914466845
215473169331220,2026-02-19 19:23:03,,5,Anthony,,Teammate,39891867799
215473153316181,2026-02-19 16:31:50,,5,Mark Lean ,,Teammate,39893744753
215473166430515,2026-02-19 15:53:57,Great customer service.,5,,,Teammate,39891628937
215473147112223,2026-02-19 14:12:53,,5,YELDA,,Teammate,39848659021
215473167578741,2026-02-19 12:38:51,,5,HNSR,,Fin AI Agent,39879666629
215473166275940,2026-02-19 10:40:27,Easy and helpful,5,Christina,,Fin AI Agent,39871504622
215473146900403,2026-02-19 08:10:21,great,4,Marvin Kutzey,,Teammate,39860535659
215473161902136,2026-02-19 04:02:24,,5,Emre,,Teammate,39849943452
215473156186696,2026-02-18 18:17:08,,1,office,,Teammate,39832319283
215473156401833,2026-02-18 18:02:07,Good,5,,,Fin AI Agent,39832237625
215473155587537,2026-02-18 16:20:38,,5,Elizabeth,,Fin AI Agent,39827218340
215473106150629,2026-02-18 13:39:02,,5,doris edwards,,Teammate,39802960485
215473142625601,2026-02-18 13:36:05,,5,Dena,,Teammate,39817229694
215473144913529,2026-02-18 13:04:12,,5,Marilee,,Teammate,39814980454
215473152121298,2026-02-18 12:20:24,,5,Qik,,Teammate,39811929564
215473122356740,2026-02-18 12:15:24,"Please explain to me how I can be spending thousands of dollars with your company. And I cannot get a member of the executive team to be bothered, to talk to me about critical issues?",1,Jay Smith,,Chatbot,39800658671
215473150916895,2026-02-18 12:05:45,,5,,,Teammate,39811099624
215473150712304,2026-02-18 11:36:45,,5,DILEK,,Teammate,39808830447
215473115048195,2026-02-18 09:48:53,Thank You.,4,David,,Teammate,39844228575
215473150257719,2026-02-18 09:22:06,,4,HALISE,,Fin AI Agent,39798861719
215473144458485,2026-02-18 08:50:10,,5,Bob,,Teammate,39796736379
215473147333299,2026-02-18 06:45:18,,5,Emre,,Teammate,39785192218
215473143853159,2026-02-17 20:59:03,,5,Employees,,Teammate,39771264524
215473065792396,2026-02-17 20:25:27,I was trying to submit a rating i keep getting an error,5,Tyler Vangel,,Teammate,39717938391
215473124889553,2026-02-17 16:06:15,,5,Jeff Manning,,Teammate,39759407842
215471867106846,2026-02-17 14:32:06,no solution yet,1,LilianaColunga,,Teammate,39735522797
215473093199294,2026-02-17 10:50:23,,5,Jokxan,,Teammate,39740800022
215472892318727,2026-02-17 10:24:32,,1,Tiffany Sroka,,Teammate,39810014296
215473134979173,2026-02-17 09:27:25,"Great guy, Polite and understanding.",5,lucinda Jane Reeves -Wood,,Teammate,39735235806
215473134974681,2026-02-17 09:17:50,,4,Andrew,,Teammate,39734367553
215473103889722,2026-02-17 08:31:32,,5,CARMANCHI,,Teammate,39731744959
215473016127252,2026-02-17 06:12:12,,4,Luiz,,Teammate,39658359915
215473020164312,2026-02-17 03:32:58,good,5,Marvin Kutzey,,Teammate,39717976311
215473082408546,2026-02-17 02:13:30,,5,Tyler Vangel,,Teammate,39715890299
215473129309887,2026-02-16 19:09:48,,1,Gerardo,,Chatbot,39703435685
215473129546568,2026-02-16 18:44:37,,5,Employees,,Teammate,39704137024
215473127673026,2026-02-16 18:27:34,"5 stars, very helpful and knowledgeable service!",5,andyinboston88@gmail.com,,Teammate,39703627702
215473116938376,2026-02-16 16:32:39,,5,Andrew,,Teammate,39671441819
215473126207586,2026-02-16 14:27:18,,5,EllieKo,,Teammate,39692760677
215472753125499,2026-02-16 13:45:32,Mert Beye her zamanki yardımseverliği için teşekkür ederim,5,BARISHAN,,Teammate,41134868184
215473110502789,2026-02-16 13:44:24,Her zamanki nazik yaklaşımı için Mert Beye teşekkür ederim,5,BARISHAN,,Teammate,39690203563
215473125808729,2026-02-16 13:32:05,,5,BARISHAN,,Teammate,39689050719
215473094394214,2026-02-16 12:28:20,Thank you!,5,joan,,Teammate,39685039460
215473091671441,2026-02-16 09:52:02,,5,Amy,,Teammate,39674751535
215473113285060,2026-02-16 09:47:25,,4,Franklin,,Teammate,39674138662
215473108242931,2026-02-16 08:26:34,,5,Alexander,,Teammate,39659275108
215473114145109,2026-02-15 15:32:13,Thanks for the help,5,Alan Swenson,,Teammate,39634559295
215473105611425,2026-02-15 15:28:21,,5,Merle,,Teammate,39634343826
215472948406069,2026-02-15 11:10:04,"Extremely professional staff, prompt response and expert in your field. Thanks for all you do.",5,Andre Cook,,Teammate,39907784813
215473105775886,2026-02-15 05:52:25,,5,Michael,,Teammate,39588772241
215473071265668,2026-02-14 18:02:40,,1,Melih,,Teammate,39568051683
215473046740916,2026-02-14 14:35:33,,4,Barry Funk,,Teammate,39580993778
215473106015659,2026-02-14 13:28:32,,4,Mark and Carrie ,,Teammate,39588397521
215473104278863,2026-02-14 10:33:35,,5,KatieJeter,,Teammate,39579057772
215473104301622,2026-02-14 10:32:22,,4,ExportYourStore Contact Ticket,,Chatbot,39579712262
215473104513243,2026-02-14 10:19:29,,3,Moxyretail,,Teammate,39580165630
215473085695720,2026-02-14 10:11:04,,5,Bryan,,Teammate,39518684263
215473097804671,2026-02-14 09:44:04,,4,Josh,,Teammate,39566996271
215473095790276,2026-02-14 09:43:42,,4,Valtor,,Teammate,39566969462
215473103854489,2026-02-14 09:34:18,,1,Cansu,,Teammate,39577441238
215473085120298,2026-02-14 04:26:07,,5,Marilee,,Teammate,39524260218
215473100527299,2026-02-13 20:34:50,Great service from Willow!!!,5,Bruce,,Fin AI Agent,39556448757
215473096581951,2026-02-13 15:35:05,,5,Joan,,Teammate,39544621185
215473095213980,2026-02-13 14:50:37,,5,skoobzbooksoa,,Fin AI Agent,39542237584
215473062146242,2026-02-13 14:00:13,,1,garland,,Teammate,39541706368
215473095422807,2026-02-13 13:39:35,Quick help,5,Shawn Walker,,Teammate,39538037287
215473093104620,2026-02-13 11:58:47,,5,Eric,,Teammate,39531493805
215473092270752,2026-02-13 10:14:45,,5,Rob,,Fin AI Agent,39525104112
215473091680439,2026-02-13 09:24:32,,4,,,Fin AI Agent,39520797822
215473085714031,2026-02-13 08:27:25,,5,,,Teammate,39516672657
215473064688625,2026-02-12 23:57:32,,5,Tolga,,Teammate,39487067765
215473013292998,2026-02-12 21:50:32,,5,Dale,,Teammate,39399487489
215473007721789,2026-02-12 20:25:57,mükemmel çok başarılıydı teşekkürler,5,,,Teammate,39483967949
215473081806322,2026-02-12 17:16:47,,5,Amy,,Fin AI Agent,39482297845
215473078535231,2026-02-12 13:47:28,,5,BARISHAN,,Teammate,39469718294
215473030848840,2026-02-12 13:14:07,,5,denise albee,,Teammate,39467097576
215473022007893,2026-02-12 10:44:41,,5,Himmam,,Teammate,39811888350
215473074626420,2026-02-12 09:13:25,,5,Maykel,,Teammate,39450371352
215473070799364,2026-02-12 04:58:53,,4,Mustafa,,Teammate,39433818032
215473018351147,2026-02-11 22:51:59,Thank you,5,Marieta,,Teammate,39400779422
215473046140282,2026-02-11 21:02:51,,1,Bilal,,Teammate,39512827892
215473057246895,2026-02-11 17:46:44,,5,M3,,Teammate,39413885421
215473054303911,2026-02-11 16:04:16,,5,Emre,,Teammate,39372204520
215473061498405,2026-02-11 14:46:24,,5,Charlene,,Teammate,39404146880
215473060752671,2026-02-11 14:23:38,,4,Alejandra,,Teammate,39402586194
215473058742950,2026-02-11 14:09:23,,4,Jocky1958,,Teammate,39394777805
215473059518507,2026-02-11 13:40:02,,5,Trevor,,Teammate,39399639501
215472898366326,2026-02-11 13:31:15,,5,Elizabeth Waggoner,,Teammate,39391806199
215473030360402,2026-02-11 13:13:23,Great service!,5,,,Teammate,39397667790
215473059230657,2026-02-11 12:35:48,Issue resolved quickly,4,Maya,,Teammate,39395262747
215473043808934,2026-02-11 12:03:04,good,4,Sonage,,Teammate,39393014003
215473055829330,2026-02-11 10:13:39,j,5,Tolga,,Teammate,39377669487
215473056272137,2026-02-11 08:56:32,,2,kemal,,Teammate,39469007424
215473055881666,2026-02-11 08:29:13,I am waiting for help from the team.,3,zeevik klainerman,,Fin AI Agent,39377468962
215473054517004,2026-02-11 08:18:24,Melanie is friendly and very helpful:),5,Weronika Pacyna,,Teammate,39907772056
215473053703723,2026-02-11 05:21:35,,4,LEVENT,,Fin AI Agent,39367951608
215472990843311,2026-02-11 03:06:34,,5,Kaan Ertaş,,Teammate,39344756437
215473049997515,2026-02-10 22:11:03,,4,John,,Teammate,39354624108
215473032707962,2026-02-10 21:02:10,,2,John,,Teammate,39352685025
215473049255784,2026-02-10 19:24:05,,5,Employees,,Teammate,39349750003
215473004862414,2026-02-10 17:39:55,,5,Lisa,,Teammate,39298152562
215473047034725,2026-02-10 15:12:49,,5,Cantürk,,Fin AI Agent,39337786338
215473044439186,2026-02-10 14:26:58,,4,Holly,,Teammate,39334957624
215473045954225,2026-02-10 13:50:46,quickly resolved issue,5,Skizzle99,,Teammate,39332560344
215473044081961,2026-02-10 13:24:44,,5,Gordon,,Teammate,39328809903
215473042477867,2026-02-10 13:21:24,Hamza always does a great job at helping our business out.,5,Amy,,Teammate,39330678863
215473043156566,2026-02-10 11:26:34,"Hamza was great, very informative!",5,Jennifer,,Teammate,39322069253
215473042987788,2026-02-10 10:44:18,,4,,,Teammate,39319731230
215473002365728,2026-02-10 06:58:42,,5,Marian Urbanek,,Teammate,39303721637
215473012645775,2026-02-10 06:14:50,,5,THANIN CHEUNSOMCHIT,,Teammate,39364173062
215469875938064,2026-02-10 04:19:20,,5,Kadir,,Teammate,26616049291
215473010489073,2026-02-10 04:18:13,,5,Kadir,,Teammate,39179871854
215473016840865,2026-02-10 03:46:53,,5,Rocket,,Teammate,39226791641
215472840101482,2026-02-09 22:15:37,,5,Andrew Rosa,,Teammate,39216774354
215473034062920,2026-02-09 21:07:57,,4,John,,Fin AI Agent,39283362869
1904,2026-02-09 21:02:10,,4,John,,Teammate,49765
215473006240653,2026-02-09 20:52:50,,5,Lisa,,Teammate,39253666472
215473033945046,2026-02-09 20:41:14,,5,Liz,,Fin AI Agent,39282533925
215473032105636,2026-02-09 18:32:02,,4,John,,Fin AI Agent,39278011782
215473030238751,2026-02-09 18:04:23,,5,Cesar,,Teammate,39276924032
215473029330157,2026-02-09 16:11:20,,5,BARISHAN,,Teammate,39271433028
215473029941202,2026-02-09 14:57:53,,5,awakened97,,Fin AI Agent,39267069849
215473015258788,2026-02-09 13:53:09,,5,Cantürk,,Teammate,39246645949
215473027959776,2026-02-09 12:38:12,,5,Nataliya,,Fin AI Agent,39257647113
215473002198904,2026-02-09 11:59:58,,5,MESUT,,Teammate,39246714130
215473017258837,2026-02-09 09:54:22,5 plus 5 star,5,omer,,Teammate,39244920194
215473023437653,2026-02-09 08:52:18,,5,Arif,,Teammate,39240275207
215473015516707,2026-02-09 05:58:40,,5,Orya,,Teammate,39229946926
215472952148735,2026-02-08 21:44:22,thanks!,5,KatieCocchi,,Teammate,39204259605
215473013518220,2026-02-08 12:34:42,Quickly helped solve my issue I was very worried about.,5,Tyler,,Teammate,39193909085
215473008776071,2026-02-08 12:33:13,,4,,,Teammate,39178271348
215473001054487,2026-02-08 04:18:34,,5,Chase,,Teammate,39136696668
215473001541465,2026-02-08 04:18:05,,4,Chlove,,Teammate,39136543401
215473007641776,2026-02-07 17:27:01,"good bot, bad site",5,,,Fin AI Agent,39163927652
215472997862833,2026-02-07 15:48:16,,5,George,,Teammate,39157352100
215472984910395,2026-02-07 15:40:10,"fantastic response, thank you",5,Joshua,,Teammate,39090326846
215473006541166,2026-02-07 15:38:17,,5,,,Teammate,39160639807
215472976460751,2026-02-07 14:19:42,,5,Michael Van,,Teammate,39151374777
215472978936207,2026-02-07 10:58:10,Didn’t know the product at all,1,ExportYourStore Contact Ticket,,Teammate,39150320063
215473003894788,2026-02-07 08:31:24,Quick easy fix to my problem. Much appreciated!!!,5,Cora-Elizabeth,,Teammate,39143902401
215472952105874,2026-02-06 17:16:56,,4,,,Teammate,39104135222
215472993790588,2026-02-06 14:01:29,Thank you,5,Jim Maier,,Teammate,39109122125
215472979477492,2026-02-06 08:47:46,,5,Edward,,Fin AI Agent,39088574902
215472829629048,2026-02-06 08:29:25,thank you for helping me,5,Olga,,Teammate,39047326710
215472988233871,2026-02-06 07:15:14,,5,Fatih,,Teammate,39082525113
215472986381695,2026-02-06 03:22:40,,5,volkan,,Teammate,39071669576
215472933367544,2026-02-05 23:10:12,,5,Carly,,Teammate,38946898663
215472984400294,2026-02-05 20:10:56,,5,Employees,,Teammate,39061189427
215472983391445,2026-02-05 17:52:01,,5,Joan,,Fin AI Agent,39056129760
215472962130540,2026-02-05 12:44:21,,5,Angie Davis,,Teammate,39037517481
215472979128387,2026-02-05 11:54:14,,3,Menaga,,Fin AI Agent,39033928185
215472940566827,2026-02-05 06:46:15,"Good support, always ready to help.",5,Jorge Coelho,,Teammate,39011960931
215472944127859,2026-02-05 06:30:56,,5,Alvin,,Teammate,38965449592
215472673963453,2026-02-05 05:38:36,,5,,,Teammate,39008677558
215472966871458,2026-02-04 17:36:44,,5,,,Teammate,38984682770
215472912276079,2026-02-04 17:28:26,,5,Manuel,,Teammate,38984036243
215472834132724,2026-02-04 17:24:45,I asked for help and help was delivered. Amazing customer Support!,5,Michael Rabon,,Teammate,38872290137
215472933595311,2026-02-04 17:13:21,Very helpful and understanding.,5,Sem,,Teammate,38982956452
215472961647476,2026-02-04 16:20:43,,4,Ayla,,Fin AI Agent,38965989127
215472965766882,2026-02-04 15:20:14,,5,joe,,Teammate,38977716122
215472932109784,2026-02-04 14:42:14,did not solve problem,2,Adeyemi,,Teammate,39037094145
215472932611211,2026-02-04 13:09:56,it took so long to get back to me that I cancelled the subscription,1,Rachel ,,Teammate,38960250979
215472881835929,2026-02-04 11:01:07,,5,Tyler,,Teammate,38845950481
215472918320769,2026-02-04 07:48:17,Great,5,Axel Houterman,,Teammate,38947493546
215472956861241,2026-02-04 07:37:49,,5,Jeff,,Teammate,38946251292
215472957366194,2026-02-04 07:32:26,,5,Umut Utku Soncag,,Fin AI Agent,38946097281
215472888446292,2026-02-04 06:51:51,,5,Vivai Decandia,,Teammate,38895577104
215472956605071,2026-02-04 06:19:58,,5,Fatih,,Teammate,38942382432
215472925083659,2026-02-04 03:42:21,,5,Cigdem,,Teammate,38887854560
215472953028892,2026-02-03 21:23:21,thank you good informations,5,Marie Sanon,,Fin AI Agent,38924968999
215472905922265,2026-02-03 20:49:54,,5,Ricardo Morales,,Teammate,38883798796
215472952179033,2026-02-03 19:12:11,Justin replied to my support message super quick and was very helpful in getting my concerns resolved. He also cleared up some confusion I had about Inventory Lab/ThreeColts/Seller 365. Yall are the best!,5,Kenneth Paulk,,Teammate,38921228936
215472951209773,2026-02-03 17:30:00,,5,,,Teammate,38916873927
215472945878062,2026-02-03 16:33:45,"Hamza, as always, comes in strong with the needed support. He's one of the regulars who helps me from time to time and he always give a good answer to whatever problem or question I may have.  And, I am very happy with the wait time.  Very reasonable and lets me get back to business",5,shane,,Teammate,38913599243
215472950565967,2026-02-03 16:28:40,,4,Martrice Jones,,Teammate,38913720108
215472948143374,2026-02-03 14:59:00,,5,BARISHAN,,Teammate,38908478173
215472928259618,2026-02-03 13:34:08,,5,BARISHAN,,Teammate,38890497148
215472938079653,2026-02-03 12:52:26,,5,Ömer,,Teammate,38894331777
215472837932106,2026-02-03 11:38:25,,4,linda zelinski,,Teammate,38883237032
215472923853244,2026-02-03 09:30:14,,5,ADAR,,Teammate,38871007865
215472933557621,2026-02-03 09:17:24,Well done!,5,GREGG LEVIN,,Teammate,38882919967
215472889989640,2026-02-03 05:23:41,,5,,,Teammate,38871020236
215472926951229,2026-02-03 05:04:35,Gayet ilgiliydiler,5,hikmet,,Teammate,38865093080
215472939362155,2026-02-03 04:24:40,,5,Fatih,,Teammate,38866757903
215472928873140,2026-02-03 04:07:30,,4,Dan,,Teammate,38836881426
215472919907238,2026-02-02 16:39:48,So helpful,5,Sales,,Teammate,38843743836
215472865313382,2026-02-02 15:20:20,,1,alex critchley,,Teammate,38838730437
215472931339991,2026-02-02 14:54:10,,5,Shiloh,,Teammate,38836783168
215472926951229,2026-02-02 13:22:39,,5,hikmet,,Teammate,38825087084
215472918511222,2026-02-02 12:06:22,,4,denise albee,,Teammate,38817431338
215472799459480,2026-02-02 11:39:24,,5,Jack Kendall,,Teammate,38822665266
215472928173905,2026-02-02 11:04:34,,5,Jonny,,Teammate,38819967856
215472926756544,2026-02-02 10:23:56,Her zamanki gibi harika destek,5,BARISHAN,,Teammate,38816668072
215472907292650,2026-02-02 09:25:30,Amanda very professional,5,Victor  Malucci ,,Teammate,38811906209
215472898808153,2026-02-02 08:16:32,,4,MESUT,,Teammate,38805718889
215472923154236,2026-02-02 04:37:49,,5,Fatih,,Teammate,38793381331
215472916828812,2026-02-02 04:09:41,,5,LaTavia,,Teammate,38765151133
215472914990883,2026-02-02 04:08:59,,4,Sandy,,Teammate,38763781474
215472920077005,2026-02-02 04:08:46,,5,Ricardo Morales,,Teammate,38794606393
215472911863343,2026-02-01 13:10:00,,4,Brian,,Teammate,38757895795
215472910186248,2026-02-01 13:00:01,Thankyou very much,5,,,Teammate,38758118741
215472816411981,2026-02-01 10:00:51,top,5,David Oosterlinck,,Teammate,38741668445
215472909655699,2026-02-01 07:11:10,,5,Sunshine Trading Group LLC,,Teammate,38742523296
215472899669377,2026-02-01 03:43:49,,4,Noah Carbone,,Teammate,38701699937
215470726175824,2026-01-31 22:19:36,,4,James,,Fin AI Agent,29939519763
215472896902571,2026-01-31 21:21:55,,5,Brian,,Teammate,38723157358
215472892207346,2026-01-31 12:35:14,Friendly and helpful service.,5,Robert DeCuircio,,Teammate,38674361305
215472907236926,2026-01-31 10:37:44,,4,JAVIDAN,,Fin AI Agent,38712229219
215472886673296,2026-01-31 03:25:29,,4,Késia Oliveira Fontes,,Teammate,38672007447
215472893134951,2026-01-31 03:24:46,,4,Ron,,Teammate,38658192688
215472901471890,2026-01-30 19:28:54,,5,Mountaineer,,Fin AI Agent,38685790513
215472897245563,2026-01-30 16:07:09,,5,,,Teammate,38677009754
215472899094017,2026-01-30 15:17:47,,5,staceyjb,,Fin AI Agent,38674017485
215472865037225,2026-01-30 15:13:13,,4,Muhammed,,Teammate,38664307149
215472865882783,2026-01-30 14:43:46,,4,MESUT,,Teammate,38589310815
215472887258843,2026-01-30 14:39:04,,4,,,Teammate,38644429524
215472895936874,2026-01-30 13:54:15,,4,,,Teammate,38669331213
215472896661689,2026-01-30 13:46:24,,5,Brett,,Fin AI Agent,38668819115
215472847100555,2026-01-30 08:56:09,,4,Ace17 Group,,Teammate,38531144441
215472842008999,2026-01-30 05:50:26,,4,Alexandre Pastor,,Teammate,38636053507
215472888688193,2026-01-30 05:07:18,,4,Emily Robert,,Teammate,38637369044
215472885172718,2026-01-29 19:59:06,Wonderful and prompt service!,5,Employees,,Teammate,38620780142
215472854168548,2026-01-29 18:40:26,Over the next ast year no one responded till it was time to pay for the upcoming year. Again the app did not work properly and there was no help available.,1,Olga,,Teammate,38565375429
215472863831658,2026-01-29 14:35:25,.,5,Murat,,Teammate,38604992851
215472867323267,2026-01-29 14:16:05,,5,Adam Jackson,,Teammate,38603764163
215472879451819,2026-01-29 12:09:06,,5,Garrett,,Fin AI Agent,38595752165
215472865817546,2026-01-29 06:03:49,,4,,,Teammate,38569506430
215471565389370,2026-01-29 02:39:35,,2,Chhin,,Teammate,33354188495
215472807729300,2026-01-29 01:49:35,,2,yasin,,Teammate,38514385923
215472869292764,2026-01-28 19:20:54,,5,Charlene,,Teammate,38550694960
215472868607695,2026-01-28 17:36:38,,4,charles,,Fin AI Agent,38546327293
215472867645333,2026-01-28 16:36:48,amazing help and time response.,5,Employees,,Teammate,38542802808
215472713591814,2026-01-28 13:46:55,,4,marksman09,,Teammate,38454755197
215472726847043,2026-01-28 13:02:24,,5,GULLU,,Teammate,38510319178
215472864767278,2026-01-28 13:01:28,,5,,,Fin AI Agent,38529761652
215472759187156,2026-01-28 12:07:31,Takes too long to contact someone,1,Don,,Teammate,38542483204
215472745862982,2026-01-28 11:01:44,,1,Bilal,,Teammate,38520581879
215472812477547,2026-01-27 16:34:30,,1,yasin,,Teammate,38632017673
215472851147957,2026-01-27 16:02:06,,5,Chris,,Teammate,38472526987
215472729466655,2026-01-27 15:52:59,,5,Mert,,Teammate,38494576549
215472850196864,2026-01-27 15:34:33,,5,Brittny ,,Teammate,38470734035
215472846275194,2026-01-27 14:44:49,,5,Lisa,,Teammate,38467976944
215472846550513,2026-01-27 13:26:03,,5,mako_tuazon ,,Teammate,38462931413
215472820555057,2026-01-27 13:04:31,,2,Ayhan,,Fin AI Agent,38357808498
215472846044575,2026-01-27 12:01:15,,5,Shawn,,Teammate,38456649389
215472842962875,2026-01-27 07:05:28,,5,Rosemarie Merazzi,,Fin AI Agent,38437069559
215472797818702,2026-01-27 06:25:59,,5,Hadley,,Teammate,38434849705
215472817413701,2026-01-27 05:35:44,,2,Esin,,Teammate,38341096578
215472839039147,2026-01-26 21:17:39,,5,Employees,,Teammate,38415992851
215472838243253,2026-01-26 19:47:55,,5,Duwen,,Teammate,38413077299
215472751011810,2026-01-26 13:36:27,,5,Dean,,Teammate,38391391979
215472829799539,2026-01-26 13:28:45,Worked with me to find the real cause of a problem that kept reoccurring. Thank you!!,5,Jennifer,,Teammate,38392934779
215472830054702,2026-01-26 10:09:57,Amazing,5,,,Fin AI Agent,38378447029
215472822900934,2026-01-26 08:38:08,,5,PERVIN,,Teammate,38361732493
215472823843825,2026-01-26 04:32:40,,5,Fatih,,Teammate,38356727768
215472818056630,2026-01-26 03:17:05,,4,Merle,,Teammate,38329135871
215472791732760,2026-01-25 23:39:57,,5,Mark,,Teammate,38281564603
215472814036038,2026-01-25 16:43:25,bir indan temsilciyle konusmak isityrum,2,Ayhan,,Teammate,38375450970
215472811576600,2026-01-25 13:10:17,,5,Scott,,Teammate,38314650914
215472818553847,2026-01-25 12:26:05,,5,Marcia,,Teammate,38330621114
215472812539690,2026-01-25 11:51:17,,5,Farzan,,Teammate,38313571333
215472743799827,2026-01-25 10:34:58,,2,gaucha.usa@hotmail.com,,Teammate,38060246674
215472815569631,2026-01-25 04:19:33,,5,,,Teammate,38314241277
215472794356735,2026-01-25 03:59:36,,5,Lucas - darren whatley,,Teammate,38739952159
215472815156522,2026-01-25 02:50:46,,5,Melanie,,Teammate,38312060022
215472791948089,2026-01-24 05:10:40,,4,lbenterprises56,,Teammate,38226853072
215472798543773,2026-01-24 05:09:58,,4,Morton,,Teammate,38234766398
215472799741007,2026-01-24 05:09:21,,5,Amazon,,Teammate,38243762818
215472786865135,2026-01-24 01:45:38,,5,yunusozcan,,Teammate,38249811419
215472802644907,2026-01-23 17:48:05,,5,Noah Bussanich,,Teammate,38256918220
215472802213593,2026-01-23 16:48:18,,5,Zamzam,,Teammate,38254537267
215472801256538,2026-01-23 14:21:49,,5,Ayla,,Teammate,38247132052
215472800577449,2026-01-23 13:24:08,,5,Ashley,,Teammate,38243641099
215472782330631,2026-01-23 12:35:56,,5,Roe,,Teammate,38239598513
215472790683677,2026-01-22 19:24:36,,5,Employees,,Teammate,38196771268
215472787781790,2026-01-22 16:01:33,,5,Marcia,,Teammate,38187992958
215469605547040,2026-01-22 15:20:56,,4,Moishe,,Teammate,38475061534
215472787616001,2026-01-22 15:20:05,,5,Karen,,Fin AI Agent,38187279552
215472784139280,2026-01-22 12:08:23,,5,Arslan,,Teammate,38173585045
215472782651853,2026-01-22 10:11:38,,5,harrylemont,,Fin AI Agent,38165109090
215472775447624,2026-01-22 09:19:28,,2,Louidor,,Chatbot,38157559806
215472752436489,2026-01-22 09:11:12,,4,Ruth,,Teammate,38124906830
215472726935199,2026-01-22 06:52:41,,5,Roe,,Teammate,38087145007
215472741062873,2026-01-22 06:23:53,,5,Roe,,Teammate,38040673638
215472779111529,2026-01-22 06:19:28,,5,,,Teammate,38151482771
215472701872204,2026-01-22 01:48:31,,5,,,Teammate,38107157604
215472751137660,2026-01-21 19:07:00,,5,shane,,Teammate,38124905852
215472771547219,2026-01-21 18:16:50,,4,Rebekah,,Fin AI Agent,38126867135
215472740434100,2026-01-21 17:45:09,Super helpful!,5,Mason,,Teammate,38124904681
215472772381228,2026-01-21 16:38:26,Perfect. Very helpful and spot on!,5,Margie,,Teammate,38122115406
215472761422396,2026-01-21 12:26:13,,5,Reuben,,Teammate,38106367199
215472675405176,2026-01-21 12:25:02,thank you,4,nurten,,Teammate,38051780903
215472761046387,2026-01-20 22:15:27,,5,EMRE,,Fin AI Agent,38056966050
215471207819204,2026-01-20 21:20:33,,5,FERUDUN,,Teammate,38126329040
215472759350310,2026-01-20 17:26:45,Nice,5,Duwen,,Teammate,38045771425
215472757773181,2026-01-20 16:20:46,Justin reached out by email and clarified the issue and I really appreciate that.,5,Tim,,Teammate,38046397058
215472616700182,2026-01-20 10:10:30,,5,BARISHAN,,Teammate,38002282941
215471889138123,2026-01-20 08:35:48,,5,Ali,,Teammate,38002445674
215471633823100,2026-01-20 06:52:11,,1,,,Teammate,37993407100
215472665702298,2026-01-20 05:16:03,,4,Justin,,Teammate,37930224107
215472735146457,2026-01-20 03:04:49,,4,Corye,,Teammate,37932349465
215472717876330,2026-01-20 01:23:49,,4,Manuel,,Teammate,37966959210
215472743374821,2026-01-19 18:41:44,,5,Edward,,Fin AI Agent,37968514716
215472667751649,2026-01-19 15:24:27,Once the company responded to our emails it was taken care of pretty promptly.  Only for us to miss out on a few hundred dollars.  I'm just over it.  I'm grateful I got back what I did.,3,Amanda Morris,,Teammate,37952563624
215472740488329,2026-01-19 15:06:16,,5,Roe,,Teammate,37955853039
215472739670450,2026-01-19 13:48:11,,5,Thiago,,Chatbot,37950528026
215472706715817,2026-01-19 11:22:13,,5,Joseph,,Teammate,37936864045
215472675536299,2026-01-19 10:01:11,THE BEST HELP EVER!!,5,pablocg006,,Teammate,37931745285
215472734856988,2026-01-19 09:44:40,,4,OZDEN,,Teammate,37931082989
215472733942964,2026-01-19 08:24:59,,4,yasin,,Teammate,37924571342
215472726250909,2026-01-18 14:28:06,,5,Roe,,Teammate,37886378890
215472720515087,2026-01-18 10:43:17,,5,Emily Taylor,,Teammate,37863500435
215472717565937,2026-01-17 12:02:54,amazing,5,wingedera,,Teammate,37837679333
215472716085680,2026-01-17 10:04:53,Perfect,5,wingedera,,Teammate,37832015307
215472696730440,2026-01-17 06:45:28,,5,Emir Efe,,Teammate,37818962477
215472700520299,2026-01-17 03:33:56,,4,Zach,,Teammate,37765155233
215472711666503,2026-01-16 17:24:39,,5,mmklly,,Teammate,37800830403
215472684298335,2026-01-16 16:39:46,,5,Betül,,Teammate,37747208450
215472704264146,2026-01-16 15:39:01,,5,Scott,,Teammate,37770888023
215472586745761,2026-01-16 13:29:44,,5,Rosangela,,Teammate,37773811845
215472706853240,2026-01-16 12:44:12,,2,Eda,,Chatbot,37783461348
215472705041866,2026-01-16 10:46:30,Saad fixed the problem immediately.,5,Shayna,,Teammate,37775047790
215472655756634,2026-01-16 10:26:06,,5,dknape ,,Teammate,37769727658
215472519106689,2026-01-16 09:39:28,,3,Erika Mckitterick,,Chatbot,37769673068
215472699451388,2026-01-16 01:36:50,,5,volkan,,Teammate,37745193835
215472700170547,2026-01-16 00:59:03,,5,amichaud24,,Fin AI Agent,37744733252
215472696320210,2026-01-15 17:28:03,"IL is getting better , awesome",5,Omar,,Teammate,37729506849
215472660060116,2026-01-15 16:09:07,,5,gmurph ,,Teammate,37723732635
215472598161299,2026-01-15 14:30:27,,4,Allyson,,Teammate,37718698249
215472693267855,2026-01-15 14:22:49,,5,Ismail,,Teammate,37718387124
215472691328545,2026-01-15 11:51:20,,5,Ashley,,Teammate,37707393558
215472690812770,2026-01-15 11:18:33,,3,FATIH,,Teammate,37724490216
215472360469143,2026-01-15 10:12:59,,5,Ali,,Teammate,37694748348
215472645553922,2026-01-15 09:40:34,,5,Sarah,,Teammate,37694516696
215472664347899,2026-01-15 07:05:43,,5,Okan,,Teammate,37682519281
215472668079539,2026-01-15 04:54:04,,5,Miguel,,Teammate,37681141733
215472676468214,2026-01-15 01:25:13,,5,Betül,,Teammate,37673553713
215472682897071,2026-01-14 23:03:37,Thanks!,5,Jill,,Teammate,37669657745
215472681552174,2026-01-14 21:05:27,Thanks for the fast response!,5,Jill,,Teammate,37666442250
215472678390141,2026-01-14 19:42:54,I would like to request assistance with batch with error message;,5,Jesse,,Teammate,37648749304
215472678400817,2026-01-14 17:04:56,Thanks for all your help! Learning something new everyday.,5,amendez23,,Teammate,37647338759
215472667630574,2026-01-14 16:46:31,,5,Joshua,,Teammate,37656115418
215472487994970,2026-01-14 15:20:45,,5,obedebessa,,Teammate,37568574812
215472676786136,2026-01-14 15:16:35,,4,Preppal,,Teammate,37650869856
215472675818550,2026-01-14 14:53:00,"Thank you, they are very interested and focused for the solving issue",5,ismail,,Teammate,37645732562
215472657763641,2026-01-14 14:51:59,"They are very interested and totally focused for the solve the issue. Thank you every one of them, Best wishes✌️",5,ismail,,Teammate,37645830444
215472678300822,2026-01-14 14:06:57,,5,Jeff,,Teammate,37646293870
215472630637224,2026-01-14 13:42:59,,5,Ali,,Teammate,37644426730
215472677628729,2026-01-14 13:35:24,,5,Reuben,,Teammate,37644160410
215472616137212,2026-01-14 13:03:05,thanks so much for the explanation!!,5,SnAP,,Teammate,37587587369
215472675538630,2026-01-14 11:24:55,,5,Edward,,Teammate,37634190730
215472675460688,2026-01-14 10:33:28,,4,American,,Fin AI Agent,37630004475
215472665103763,2026-01-13 15:52:38,,5,Employees,,Teammate,37579658977
215472617700310,2026-01-13 14:26:21,teşekkürler,5,yasin,,Teammate,37573913451
215472621675872,2026-01-13 14:13:37,,5,yasin,,Teammate,37524980819
215472661590333,2026-01-13 13:35:50,,5,Stephen,,Teammate,37570361011
215472661479362,2026-01-13 13:09:16,,5,Oscar,,Teammate,37563482670
215472661228642,2026-01-13 12:06:37,Justin was quick and solved my problem.  Thanks Justin!,5,Liz,,Teammate,37563600758
215472636386976,2026-01-13 11:40:38,,5,shane,,Teammate,37560158970
215472659837255,2026-01-13 10:11:48,,5,Edward,,Teammate,37554264356
215472658017627,2026-01-13 10:09:10,,5,Austin Zeltwanger,,Teammate,37554134144
215472654850192,2026-01-13 06:12:11,,5,EGEMEN,,Teammate,37536325244
215472651739497,2026-01-12 19:50:21,,5,,,Fin AI Agent,37516881822
215472649403797,2026-01-12 15:47:09,,5,Greg,,Teammate,37504421467
215472620349525,2026-01-12 12:54:38,,5,shane,,Teammate,37448566756
215472634198345,2026-01-12 11:55:55,My experience has been great.,5,twinkyfish ,,Teammate,37487280211
215472636626930,2026-01-12 06:11:24,,5,PERVIN,,Teammate,37461456499
215472625412669,2026-01-12 04:35:00,,4,Edward j,,Teammate,37411970683
215472628335418,2026-01-12 04:34:30,,4,Walt,,Teammate,37414331266
215472623990791,2026-01-11 03:16:23,,5,Dena,,Teammate,37378100466
215472591228080,2026-01-11 02:32:25,,5,manjumathan1,,Teammate,37359000635
215472600285795,2026-01-10 15:02:19,,4,Muhammed,,Teammate,37384998731
215472623171276,2026-01-10 12:42:11,,5,Sales Support,,Teammate,37380268132
215472611950198,2026-01-10 10:29:23,,5,berkan,,Teammate,37373673466
215472623199209,2026-01-10 10:12:37,Excellent service!!!,5,eerente67 ,,Teammate,37373103505
215472608940931,2026-01-10 02:50:48,,4,Metadeath,,Teammate,37331079490
215472608006058,2026-01-10 02:47:56,,5,Gary,,Teammate,37314255184
215472606594670,2026-01-10 02:47:31,,4,,,Teammate,37331142743
215472617288326,2026-01-10 00:00:03,,5,Ramazan,,Teammate,37343602155
215472618157024,2026-01-09 18:49:36,,4,,,Fin AI Agent,37345954820
215472392685919,2026-01-09 18:22:02,,1,Emre YAZ,,Teammate,37310851805
215472499301084,2026-01-09 17:21:23,,5,yasin,,Teammate,36862265051
215472520957863,2026-01-09 13:53:15,,5,Sales,,Teammate,37333220456
215471340531194,2026-01-09 12:49:22,,4,Dan,,Teammate,37318916346
215472611609237,2026-01-09 10:10:50,sorunum çözüldü teşekkürler,5,Ömer Faruk,,Teammate,37317510723
215472460064102,2026-01-09 08:29:04,,5,William Landry,,Teammate,37309736559
215472608386309,2026-01-09 04:28:38,tesekkurler,5,SELCUK,,Teammate,37297882256
215472605798309,2026-01-08 20:30:50,,4,Miriam,,Fin AI Agent,37284347990
215472573605056,2026-01-08 20:03:57,,5,Employees,,Teammate,37265997912
215472600358448,2026-01-08 16:13:43,,1,Brandon,,Teammate,37273190526
215472586171987,2026-01-08 13:50:50,,5,Kimball,,Fin AI Agent,37264210396
215472596104370,2026-01-08 13:18:23,,5,Jeff,,Teammate,37261023541
215472590497327,2026-01-08 09:25:33,"nice, quick, helpful interaction",5,Justyn,,Teammate,37263436857
215472594959942,2026-01-08 08:52:07,iptal gerçekleştimi bakabilir misiniz,5,NURSEL,,Teammate,37241836557
215472591790673,2026-01-08 05:03:39,,4,Javier G,,Teammate,37226223608
215472566374267,2026-01-08 04:16:24,,5,Emir Efe,,Teammate,37225172686
215472592058418,2026-01-08 03:27:02,,5,volkan,,Teammate,37223775375
215472591287808,2026-01-08 02:23:19,,5,Joseph,,Fin AI Agent,37219507397
215472591169196,2026-01-08 00:18:12,,5,claudia,,Fin AI Agent,37218689011
215472573519220,2026-01-07 19:06:45,I was crunching for time and Justin was a big help!,5,Jonathan,,Teammate,37204976799
215472587364722,2026-01-07 17:42:48,,5,Vicente,,Teammate,37205817844
215472586674922,2026-01-07 16:37:23,,5,Scott,,Teammate,37202567232
215472578544734,2026-01-07 16:09:05,,5,Assaf,,Teammate,37198831398
215472585722081,2026-01-07 14:21:29,very professional and resolved my issue in no time,5,Alishia,,Teammate,37194184331
215472548911974,2026-01-07 13:44:15,Hamza did a great job walking me through the process of synching our old inventory with Inventory Lab. A full day project and Hamza was there each step of the way. Thanks Hamza!,5,George,,Teammate,37189546911
215472568209366,2026-01-07 13:18:26,hazam was very hepful,5,antonio,,Teammate,37189371945
215472580761022,2026-01-07 13:11:38,Justin was extremely helpful and seamlessly resolved my issue! Amazing support!,5,Ashley,,Teammate,37191796599
215472582936331,2026-01-07 13:05:10,çözüldü,5,mahmut güler,,Teammate,37188643973
215472574555845,2026-01-07 11:31:05,Top tier support. Thank you very much!,5,Karen,,Teammate,37159026005
215472560637536,2026-01-07 11:22:34,,5,Jason,,Teammate,37173908543
215472564134242,2026-01-07 11:02:42,,5,,,Teammate,37179114381
215472580761022,2026-01-07 10:28:35,,5,Ashley,,Fin AI Agent,37176326005
215472556768001,2026-01-06 21:25:51,,4,Speedy Buy,,Teammate,37105221896
215472564752609,2026-01-06 14:31:04,"Hamza was polite, helpful, followed up, and helped me resolve my issue to the best of his abilities. Every error was resolved but 1, but that was an error with Amazon that could not be avoided.",4,Showcase,,Teammate,37121794767
215472556817833,2026-01-06 13:38:25,,5,Employees,,Teammate,37078410793
215472564988605,2026-01-06 12:28:40,,4,Luke,,Teammate,37112264557
215472564062018,2026-01-06 12:09:46,GREAT SERVICE,5,Prep,,Teammate,37110745716
215472562904007,2026-01-06 09:24:52,no,4,Advanced,,Fin AI Agent,37098004641
215472557288450,2026-01-06 09:07:26,,5,John,,Teammate,37096514516
215472557791813,2026-01-06 06:24:34,,4,HAKAN,,Teammate,37083337124
215472552707760,2026-01-06 04:41:29,,4,BARISHAN,,Teammate,37075130861
215472532504783,2026-01-06 04:18:40,,5,yasin,,Teammate,37081609914
215472549093428,2026-01-06 03:37:55,,3,REMZİ,,Teammate,37080171558
215472539181017,2026-01-06 03:19:31,,4,KMRM,,Teammate,37052615137
215472548030021,2026-01-06 02:55:34,,5,Muhammed Tayyib,,Teammate,37078870960
215472509654457,2026-01-06 01:48:47,Thank you!,5,Rebecca Gentry ,,Teammate,37017931967
215472552103282,2026-01-05 23:51:11,,5,Employees,,Teammate,37055414087
215472550459624,2026-01-05 16:23:08,,5,Aisha,,Teammate,37060549954
215472521007572,2026-01-05 15:17:16,,5,Tom Grunheid,,Teammate,37053044910
215472550036200,2026-01-05 14:18:43,,5,Janna,,Teammate,37049573126
215472509530944,2026-01-05 14:07:23,,5,shane,,Teammate,37048613554
215472541192351,2026-01-05 11:34:22,,5,John,,Teammate,37036736801
215472545503709,2026-01-05 10:08:50,,5,Herbold,,Teammate,37029294430
215472476957423,2026-01-05 09:35:05,,5,10amanning,,Teammate,37026554966
215472543884319,2026-01-05 07:26:13,,4,Dean,,Fin AI Agent,37017452163
215472530919079,2026-01-05 03:25:39,,4,Fred,,Teammate,36965147694
215472530910985,2026-01-05 03:25:05,,4,Calvin,,Teammate,36960558373
215472540742066,2026-01-05 02:32:18,,5,DİLAN,,Teammate,37003542171
215472514495674,2026-01-05 01:51:23,,5,Nihat,,Teammate,37001272564
215472532136301,2026-01-04 16:24:22,,4,Janna,,Fin AI Agent,36960963380
215472536803406,2026-01-04 13:34:22,,5,Sheena Jain,,Teammate,36980980934
215472536032324,2026-01-04 12:30:58,,5,eitan,,Teammate,36978387065
215472526222993,2026-01-04 02:52:22,,4,Jackson,,Teammate,36933468376
215472529306064,2026-01-03 15:20:40,super,5,VDtrader-x Kft,,Fin AI Agent,36942415866
215472521455606,2026-01-03 12:55:37,,4,Domenic Johnston,,Teammate,36912765387
215472528352250,2026-01-03 12:51:15,,5,John,,Teammate,36936418046
215472522805012,2026-01-02 20:53:56,,4,Quemenie,,Fin AI Agent,36906554583
215472522029645,2026-01-02 20:39:40,,5,Brian,,Teammate,36905917584
215472520237995,2026-01-02 18:21:40,,4,,,Fin AI Agent,36902209389
215472519021826,2026-01-02 17:35:45,,5,BARISHAN,,Teammate,36894295582
215472519621192,2026-01-02 16:20:38,,5,Rachel Rios,,Fin AI Agent,36894661141
215472519236961,2026-01-02 15:33:54,"Hamza was wonderful, walked me through something that I did not know how to do myself.  He was great!",5,staceyjb,,Teammate,36893910941
215472511083895,2026-01-02 13:07:45,,4,John,,Teammate,36873385067
215472517952158,2026-01-02 13:05:51,"It was amazing, ok so it should be 5 , but I really didn't feel the iconic stars in my eyes, but young Saad, effectively troubleshooted my non-trivial problem.  Matt",4,Matthew,,Teammate,36884062809
215472517254502,2026-01-02 11:53:08,You guys are Awesome :),4,alfonsetti1970@gmail.com,,Fin AI Agent,36878903731
215472493804782,2026-01-02 08:59:06,,4,IHSAN,,Teammate,36824764970
215472513097978,2026-01-02 06:51:13,,5,HAKAN,,Teammate,36858683039
215472479568012,2026-01-02 02:26:59,,4,The Sunset Village LLC,,Teammate,36848493522
215472509651627,2026-01-01 19:42:53,,5,MARK,,Teammate,36838804256
215472509487394,2026-01-01 18:12:53,problem resolved very quickly,5,RAMAZAN,,Teammate,36836482533
215472487620650,2026-01-01 13:25:40,Amanda was super helpful and nice!,5,Tina W,,Teammate,36824345371
215472507156961,2026-01-01 12:01:52,,4,Sean,,Fin AI Agent,36823939858
215472499230043,2026-01-01 11:31:41,"Great support. Hamza stayed in constant contact for two hours, until he helped me get to a solution.",5,,,Teammate,36822768364
215472506191027,2026-01-01 10:07:21,,5,Mahsum,,Teammate,36819576458
215472492499053,2026-01-01 02:28:05,,4,clician,,Teammate,36806115238
